{
  "eye": {
    "orientation": [
      0.6446393728256226,
      0.5974861979484558,
      -0.22941648960113525,
      0.41811299324035645
    ],
    "magnitude": 1.7142857313156128,
    "position": [
      211.81381225585938,
      -845.0933837890625,
      -566.5252685546875
    ]
  },
  "radius": 600,
  "type": "ORTHOGRAPHIC"
}